Date,Minimum_temp,Maximum_temp,Rainfall ,Evaporation,Max_wind_gust,Temp_9am,Humidity_9am,9am_cloud,9am_wind_dir,9am_wind_spd,9am_pressure,Temp_3pm,Humidity_3pm,3pm_cloud,3pm_wind_dir,3pm_wind_speed,3pm_pressure
15/2/20,23.6,28,0.8,3.2,52,24.8,85,,NE,26,1012.4,25.2,79,,NE,24,1011.2
16/2/20,23.3,27.5,0,4.6,37,25,76,,NE,28,1014.3,26.6,69,,ENE,26,1013.3
17/2/20,21.8,27.5,0,5.8,37,25.4,67,,NE,22,1014.7,25.1,69,,E,20,1013.6
18/2/20,20.5,27.1,,,35,24.1,77,,E,24,1014,25,67,,E,24,1011.9
19/2/20,,27.5,7.2,13.2,,24.8,68,,NE,17,1012.7,25.2,65,,E,19,1010.8
20/2/20,20.9,27.2,0,6.4,37,25.1,68,,NE,20,1012.3,24.6,66,,NNE,19,1010.7
21/2/20,22.2,28.3,0,7,33,25.4,68,,N,17,1013.8,26.9,66,,NW,15,1012.7
22/2/20,22.1,27,3,6.4,37,24,88,,NNE,17,1015.7,22.4,92,,W,15,1014.7
23/2/20,21.1,25,13.8,3,50,22.6,85,,ESE,20,1018.5,23.2,74,,ESE,26,1017.8
24/2/20,20.2,25.9,0,6,46,23,51,,SE,24,1020,23.9,54,,ESE,26,1017.7
25/2/20,19.9,25.6,0,9.8,37,24.2,56,,E,19,1018.3,23.1,60,,ESE,17,1016.1
26/2/20,20.3,26.9,0,7,43,23.9,64,,ENE,22,1015.8,23.9,68,,ENE,20,1014.2
27/2/20,21.1,26.4,0,6.2,37,23.8,72,,NE,22,1015.1,25.5,61,,NNE,20,1013.1
28/2/20,20.9,26.6,0,6.6,35,24.2,67,,NE,28,1014.4,25.2,68,,NNE,24,1011.8
29/2/20,23,25.1,0,6.2,43,24,83,,NE,22,1014.4,24.2,82,,NE,28,1012.7
2/3/20,21.8,26.8,9,15.6,80,24.9,90,,NNE,17,1014.9,25.4,89,,NNE,19,1013.4
3/3/20,23,27.2,0,2.6,28,24.9,86,,WNW,2,1013.7,25.1,82,,SSE,19,1012
4/3/20,22.8,26.6,0.2,3.6,37,25.5,77,,SSE,20,1014.3,24.8,76,,SE,20,1012.4
5/3/20,22.2,27.1,1,5.8,30,23.7,93,,SE,17,1014.7,25.5,82,,NE,17,1013.7
6/3/20,20.8,27.7,2.8,4.4,33,24.7,84,,ESE,15,1016.4,25.6,81,,ENE,22,1014
7/3/20,22.8,27.2,1.4,5.4,30,25.5,81,,ENE,20,1015.7,26.1,77,,NNE,15,1013.5
8/3/20,23,27.8,0.2,4.2,30,25.7,79,,N,11,1014.1,26.1,75,,WNW,17,1012.3
9/3/20,22.1,26.9,9.2,5.4,33,25.4,86,,WNW,17,1014.3,25.1,82,,W,13,1012.3
10/3/20,20.9,23.5,10,4.8,37,23.1,78,,SE,19,1014.3,19.4,92,,SE,20,1013.4
11/3/20,18.1,21.9,22.4,6,41,20.1,87,,ESE,20,1015.6,19,92,,ESE,19,1014.7
12/3/20,18.9,22.7,24.6,3.4,52,21.1,83,,E,24,1015.7,21.2,82,,ESE,24,1014.4
13/3/20,18.6,24,8.2,1.4,50,22.4,67,,ESE,28,1013.8,22.6,69,,E,33,1010.9
14/3/20,20.5,25.5,0.4,4.4,52,23.7,71,,E,31,1009.8,24.1,71,,E,30,1007.9
15/3/20,21.7,23.5,0,7.2,63,22.7,79,,E,41,1008.2,21.7,85,,E,31,1005.8
16/3/20,,21.9,43,,,18.7,93,,SE,44,997.8,20.4,92,,SSE,41,998.8
17/3/20,16.6,23.8,20.2,8.2,48,22.4,63,,S,28,1012.5,21.8,76,,SSE,22,1012.7
18/3/20,18.6,23.9,0.2,3.4,35,22.6,67,,ESE,17,1018.8,21.8,73,,SE,20,1018
19/3/20,17.6,23.8,1.2,5.8,37,21.7,66,,E,24,1022.1,22.5,62,,ENE,17,1020.7
20/3/20,15.8,23.6,0,5.8,20,22.1,60,,NE,13,1022,21.7,65,,ENE,9,1020.4
21/3/20,16.6,24.1,0,2.8,31,22.1,61,,NE,13,1021.9,22.3,64,,NE,17,1019.8
22/3/20,16.3,24.2,0,4,26,22.8,63,,NE,9,1020.9,23.9,60,,SW,4,1018.4
23/3/20,17.1,25,0,4.8,44,22.7,68,,WNW,13,1017.2,23.3,70,,WNW,22,1014.5
24/3/20,19.5,23.9,1.4,5.2,41,22,63,,SE,22,1017.4,22.9,58,,SE,20,1016.7
25/3/20,17.1,23.3,1.4,6.4,43,21,60,,ESE,19,1020.6,22.1,54,,ESE,19,1019.4
26/3/20,17.3,23,0,6.6,30,21.9,53,,ESE,15,1021.2,21.6,60,,SE,17,1019.2
27/3/20,17.1,22.9,0,5,30,21.6,63,,ESE,13,1020.7,22.1,60,,SE,19,1019
28/3/20,18.4,22.1,1.2,5.2,46,20.6,77,,SE,17,1020.5,20.6,68,,ESE,20,1019
29/3/20,18.3,23.3,0.6,3.8,41,22.1,46,,E,19,1020.6,21.4,65,,SE,22,1018.2
30/3/20,17.6,22.8,0,6.4,33,20.9,61,,ESE,17,1019.3,21.6,63,,SE,17,1017.3
31/3/20,17.4,22.9,0,5.8,31,21.5,59,,ESE,19,1018.2,21.9,60,,SE,15,1016.7
1/4/20,16.4,23.1,0,4.6,28,21.8,53,,ESE,9,1017.4,21.8,55,,S,13,1015.4
2/4/20,14.8,23.6,0,4,35,22,62,,SE,13,1016.1,22.5,63,,ESE,19,1014.2
3/4/20,18.8,24.3,0.2,5.2,43,21.9,68,,E,26,1016.4,22.3,70,,E,24,1014.8
4/4/20,18.9,24.6,0.8,4.8,52,22.1,75,,E,31,1017.3,22.5,69,,ENE,31,1015.4
5/4/20,20.2,24.3,0,6.4,52,22.4,73,8,ENE,30,1018,23.6,67,8,ENE,31,1016.5
6/4/20,18.8,23.9,1.8,5.8,43,23,73,8,ENE,28,1017,22.5,78,8,NE,24,1014
7/4/20,19.1,23.3,0,5.6,28,22.1,73,8,ENE,19,1013.4,20.2,87,7,SE,9,1011.3
8/4/20,17.7,23.6,1,1.8,31,20.9,81,8,SE,4,1013.4,22.6,72,6,S,17,1012.7
9/4/20,18.8,23,2,4.4,41,20.8,65,8,S,22,1019,21.4,62,6,SSE,28,1018
10/4/20,17.8,22.5,0,6.6,43,20.7,61,7,S,17,1021.3,21.2,65,8,SSE,17,1018.5
11/4/20,16.8,23.1,0,3.8,28,20.7,63,8,NE,9,1017.2,21.8,61,4,NNW,13,1013.7
12/4/20,18.4,23.3,0,4,52,22.1,76,8,N,22,1012,22.3,88,8,NW,20,1008.7
13/4/20,18.8,22.8,5.8,4.4,39,21.2,66,5,SW,24,1016.8,21.8,65,8,SW,20,1016.2
14/4/20,17.8,23,0,4,31,21.8,66,1,SW,13,1022.2,19.8,79,8,SW,11,1020.6
15/4/20,17.1,21.6,0.4,3.6,30,21.1,72,8,SE,13,1022.4,21,65,2,SSW,15,1019.7
16/4/20,17,22.4,1,2.8,33,20.8,63,4,S,11,1020.3,21.1,59,3,SW,11,1017.8
17/4/20,15.7,23.6,0,4.6,30,22.1,63,3,NW,13,1017.8,22,64,7,NW,19,1014.4
18/4/20,19.3,24.5,0.2,4.8,37,23,70,,NW,19,1015.3,21.9,76,7,NW,17,1013.5
19/4/20,20,24.5,0,3.2,31,23,75,2,NNW,15,1016.5,23.1,77,5,N,15,1014.9
20/4/20,20.7,22.8,0,3.8,35,21.9,84,8,NE,17,1016.6,21.7,86,8,N,15,1014.5
21/4/20,19.3,24.1,21.2,0.4,26,22.6,84,6,W,13,1016.7,22.4,81,8,SSE,11,1014.7
22/4/20,18.5,23.5,0.2,2.2,22,21.6,83,8,E,13,1017,22.1,76,8,E,15,1014.8
23/4/20,18.1,23.4,0,2.2,37,21.7,77,8,SW,22,1016.4,22.8,69,1,SW,26,1014.4
24/4/20,19.1,22.5,0,4.2,33,21.3,63,2,SSW,17,1017.1,21.5,66,1,S,17,1015.5
25/4/20,16.9,22.6,0,4.4,35,20.7,65,8,S,17,1019.4,21.1,68,2,SE,19,1018.3
26/4/20,17.2,22.9,0.2,4,33,20.4,72,2,E,20,1021.5,21.1,67,8,E,19,1020
27/4/20,15.7,22.7,0,3.4,31,20.6,58,7,E,11,1022.4,21.8,61,,ESE,17,1020.3
28/4/20,16.7,23.4,0,3.4,43,20.6,63,8,ESE,22,1024.2,20.8,62,3,ESE,20,1022.4
29/4/20,17.8,23.1,0,6,52,22.1,66,8,E,30,1024.8,21.4,74,8,E,30,1022.3
30/4/20,19,24.1,0,3,54,22.2,72,,E,31,1024.4,23.1,67,2,E,31,1021.2
1/5/20,20.1,23.2,0,6.4,56,21.8,76,8,NE,28,1020.8,21.7,75,8,NE,35,1017
2/5/20,21,24,0,5.8,57,22.2,82,8,NNE,28,1014.7,22.2,88,8,NNE,31,1012
3/5/20,18.8,23.6,16.8,1.6,65,21.6,91,8,W,19,1011.6,21.9,74,8,WSW,13,1009.2
4/5/20,19.4,21.8,0,4,46,21.1,57,1,WSW,28,1014.4,20.9,58,8,SW,24,1013.7
5/5/20,16.6,21,0.2,5.2,41,19.4,64,8,S,17,1019,19.8,58,8,SSW,22,1017
6/5/20,17,20.8,0.8,6.4,48,18.8,53,6,SSE,24,1021.6,18.5,65,7,SSE,24,1019.6
7/5/20,16.5,21.8,0.2,5.2,39,19.3,60,,ESE,22,1023.1,19.7,56,1,ESE,20,1020.2
8/5/20,16.4,21.4,0,5,44,18.9,63,5,ESE,20,1022.2,19.8,61,8,ESE,17,1020.4
9/5/20,15.9,21.1,1,3.8,39,19.3,66,8,ESE,19,1022.7,19.9,59,8,SE,17,1020.7
10/5/20,16.1,21.1,0,4,24,20,55,8,ENE,15,1020.8,19.5,59,3,E,15,1017.9
11/5/20,14.8,22.3,0,3.2,30,19.3,67,8,NE,11,1016.5,20,64,6,NNE,15,1012.8
12/5/20,15.6,19.9,8.6,3.4,69,18.9,67,8,SW,26,1010.2,18.6,71,7,SSW,35,1007.9
13/5/20,16.5,21.1,1.2,2.4,67,19.8,78,8,S,30,1010.5,20.3,75,8,SSE,31,1010.9
14/5/20,18.4,22.3,0.6,3.4,,19.4,76,5,ESE,22,1017.4,20.5,75,8,SE,17,1016.3
15/5/20,16.5,21.8,0,4,30,19.9,65,,ESE,15,1018.4,19.7,67,2,SE,17,1016.5
16/5/20,17.3,21.6,0,4,31,19.3,68,8,SSE,19,1020.8,19.5,69,6,SE,17,1019
17/5/20,15.9,20.4,2.2,4.4,30,18.7,61,,SSE,15,1021.2,19.7,58,,S,17,1019.4
18/5/20,16.2,19.9,0,3.4,50,18.8,67,1,S,22,1021.2,19.1,63,,S,19,1018.7
19/5/20,14.4,20.7,5.8,3.2,48,19.3,61,2,SE,26,1023.5,18.9,64,8,ESE,24,1022.1
20/5/20,15,20.8,3.2,6,50,18.7,66,5,ESE,20,1024.6,18.8,63,8,ESE,22,1022
21/5/20,15.8,20.1,0.4,4.4,39,18.9,58,1,ESE,20,1022.8,18.8,62,1,E,22,1019.5
22/5/20,15.2,19.8,0.2,3.8,31,18.3,65,7,ENE,15,1019,18.5,60,2,NE,13,1015.6
23/5/20,16.7,20.8,0.2,2.8,50,19.8,71,8,NNE,22,1016.3,18.6,83,8,NNE,22,1012.3
24/5/20,16.5,21.3,38,1.6,65,20.8,90,7,NNE,33,1009.3,18.4,92,8,WNW,7,1009.5
25/5/20,17.4,20.7,8.6,0.4,59,20.6,88,8,NW,20,1015.2,20.1,92,7,NW,22,1014.3
26/5/20,15.7,20.4,34.2,1.2,56,17.6,88,8,WNW,17,1019.2,17.8,84,8,NNE,13,1016.4
27/5/20,16.7,21.7,0.4,0,30,20.2,82,4,SW,13,1021,20,82,4,W,9,1018.5
28/5/20,15.6,21.9,0,2,22,19.6,84,,NW,6,1021.8,19.9,77,8,N,9,1018.5
29/5/20,17.7,20.9,4.4,1.4,39,18.7,92,8,NW,7,1019.1,19.4,81,8,WSW,13,1016.5
30/5/20,17.2,20.9,0,1.2,43,19.6,83,6,SSE,15,1019.1,18.3,88,8,SE,22,1016.2
31/5/20,15.3,20.1,3.4,2.2,57,17.8,86,8,SSE,24,1016.2,19.1,74,2,S,22,1015.1
1/6/20,16.8,20.5,1.4,2.8,35,19.3,71,3,WSW,13,1019.8,18.8,67,5,SW,17,1018.9
2/6/20,14.1,21.5,0,2.8,41,18.8,67,8,NNE,13,1021.8,20.1,67,5,NNE,19,1018.6
3/6/20,17.5,21,2,2.4,54,20.6,87,8,NW,31,1015.9,20.4,63,,W,33,1013.8
4/6/20,16.4,21.5,0.4,4.4,61,19.7,72,7,W,26,1017.3,18.7,68,8,WSW,31,1015.5
5/6/20,13.9,18.5,0.4,5.5,59,17.3,66,,SW,24,1018.9,17.1,66,7,SW,24,1016.9
6/6/20,14.4,18.6,0.4,3.2,39,17,68,8,S,15,1019.6,17.3,75,4,S,17,1018
7/6/20,12.7,19.2,0.8,2.8,24,17.4,69,,ESE,7,1021.8,18,61,1,SE,11,1020.1
8/6/20,12.8,19.4,0,1.8,31,15.4,78,7,ENE,19,1024.1,18.4,57,,E,15,1021.8
9/6/20,14.2,19.4,1,2.8,50,17.5,77,8,ESE,20,1025.1,17.7,74,8,E,22,1023.2
10/6/20,15.6,18.8,0.6,2.6,46,17.2,53,1,ESE,24,1028.4,17.8,58,,ESE,22,1026.1
11/6/20,14.5,19.7,0,5.2,48,18.3,60,8,E,22,1027.8,18.2,65,6,E,20,1025.3
12/6/20,15.1,20.4,0,3.4,43,19,66,1,ENE,24,1026.3,17.1,85,3,ESE,15,1025.6
13/6/20,15.7,20.3,4.6,4,46,18.8,77,1,E,28,1029.1,18,86,8,E,20,1027.5
14/6/20,16,20.6,1,2.8,54,18.5,68,3,ENE,35,1029.8,19,71,1,ENE,35,1026.8
15/6/20,16.5,20.8,0.8,4,35,19.6,66,,NE,20,1027.3,19.5,82,1,ENE,20,1023.8
16/6/20,17.8,19.8,0,2,41,19.1,87,8,NE,19,1025.2,19.5,78,8,NNE,17,1022.2
17/6/20,16,18.9,13.8,0.8,33,16.9,89,8,NNE,9,1025.5,18.2,87,7,SSE,7,1022.5
18/6/20,15.6,20.2,5,1,52,18.4,85,,SSW,13,1025.2,16.7,92,8,SSE,26,1023.4
19/6/20,13.7,17.1,1.4,3,37,16.3,61,1,SSW,13,1024.8,14.6,83,8,SSE,11,1021.8
20/6/20,13.4,18.4,0.4,2.8,56,15.7,78,8,SW,28,1019.2,16.1,79,8,SW,26,1015.8
21/6/20,14.4,19.1,0.4,4,43,17.6,70,2,S,20,1017.8,17.7,74,1,SSE,19,1016
22/6/20,13.1,19.5,0.8,1.6,22,17.8,70,,NE,13,1019.3,18.6,64,,ENE,13,1016.7
23/6/20,13.1,18.8,1.2,3.4,46,16.1,86,8,NNE,30,1016.6,18.2,77,8,NNE,28,1012.8
24/6/20,15,19.7,18.2,2.4,54,17.9,72,3,WNW,22,1011.8,18.7,64,6,WNW,35,1009.8
25/6/20,15.7,19.2,0.8,4.2,59,18.4,72,5,WNW,26,1012,18.7,68,8,WNW,28,1010.2
26/6/20,15.6,20.4,7.2,3.6,52,16.6,91,8,W,19,1013.2,19.2,70,2,W,24,1011.9
27/6/20,16.5,19.7,0.2,3.2,37,17.7,76,8,WSW,24,1017.1,18.3,74,3,SW,20,1015.8
28/6/20,14.3,18.3,2,3.6,35,17.4,64,8,SSW,11,1020.1,16.5,73,3,SSW,20,1018.4
29/6/20,11.8,18.5,2.8,3.2,46,16.6,68,1,SW,19,1017.8,17,63,,WSW,28,1014.7
30/6/20,12.3,18,1.8,3,65,16.1,61,1,SW,26,1014.9,16.7,55,1,SW,33,1012.7
1/7/20,13.2,17.6,1.6,4.2,50,16.1,66,3,SSW,28,1017.5,15.6,76,5,SSW,26,1016.1
2/7/20,13.9,17.8,0.8,3.8,,15.7,72,,SW,20,1022.2,16.6,73,8,SSW,20,1021.1
3/7/20,12.3,18.3,0.8,1.4,26,16.8,62,,ESE,13,1026.2,17,55,8,ESE,13,1024.5
4/7/20,10.5,18.6,0,2.6,56,18,58,5,NE,17,1022.6,17.9,61,8,NNE,24,1017.8
5/7/20,13.9,19.2,37.2,7.8,65,15.2,89,8,NW,17,1012.4,17.5,66,8,WSW,33,1012.3
6/7/20,15.2,19.5,0.8,3,54,17.2,82,5,W,28,1017.2,18.4,59,7,WSW,30,1016.2
7/7/20,14.4,18.5,0.4,4.2,39,16.9,72,4,SW,17,1020.5,17.3,71,2,WSW,17,1018.3
8/7/20,14.5,17.7,0.6,3.2,50,16.5,61,1,SSW,30,1021.4,16.7,55,4,SSW,24,1020.9
9/7/20,12.8,17.3,0.8,3.8,37,15.4,77,,SSW,13,1026.3,15.8,66,8,S,22,1024.6
10/7/20,13.7,17.4,1.2,4.6,37,15.6,69,8,SE,15,1027.9,16.3,64,8,SE,19,1025.9
11/7/20,12.8,17.8,1.4,2.6,30,15.9,67,5,ESE,15,1025.9,16.4,64,2,ESE,17,1023.1
12/7/20,12.8,19.5,1.8,2.6,41,17,71,,NE,20,1024.2,18.3,66,,NE,30,1021.6
13/7/20,16.9,19.5,0,2.6,41,18.4,88,8,NE,19,1024.1,18.7,85,8,NE,20,1021.4
14/7/20,17.9,19.6,0,2.6,65,18.5,85,8,NE,22,1018.3,18.8,91,8,NNE,28,1013.6
15/7/20,15.4,20,10,3,54,18.7,66,4,WNW,28,1008.7,19.4,74,8,NW,22,1005.3
16/7/20,17.3,20.3,0,2.8,56,19,78,1,NW,24,1005.6,19.5,79,8,NW,28,1003.3
17/7/20,16.7,19.8,1.4,2.4,50,18.2,84,5,NW,24,1005.7,19.1,81,8,NW,26,1004.2
18/7/20,16.3,19.6,2.6,1.8,52,17.9,86,4,WNW,20,1008.5,18.8,78,8,WNW,30,1006.6
19/7/20,15.7,19.3,0.6,3.4,54,17.9,79,8,W,31,1008.8,18.7,81,8,W,30,1006.5
20/7/20,16.7,19.2,2.2,1.8,48,17.6,94,8,S,17,1010.4,17.4,90,8,SSE,17,1010.1
21/7/20,15.8,18.9,1.2,3.2,54,17.5,69,2,WSW,22,1013.7,17.6,67,7,SW,31,1012.7
22/7/20,14.7,17.4,0.2,3.2,59,16,63,2,SSW,26,1020.2,17.1,54,7,SSW,20,1019.8
23/7/20,13.9,17.4,0,5,20,15.8,77,8,SSE,6,1024.4,15.8,74,8,NNE,7,1022.8
24/7/20,11.9,17.9,0,1.8,20,16.2,78,7,NE,7,1025.8,17.2,77,8,E,13,1024.1
25/7/20,13.4,18.9,0.6,1.4,50,16.5,80,5,E,20,1027.1,17.1,81,8,E,26,1025.2
26/7/20,15,18.3,2.8,2,52,16.4,78,8,E,30,1027.2,17.3,70,3,E,33,1023.9
27/7/20,15.4,19.8,0,4,48,18.1,73,8,ENE,33,1022.7,18.7,81,8,ENE,26,1021
28/7/20,17.5,20.4,0,3,52,18.6,79,3,NE,33,1023.6,18.6,81,1,NE,28,1022.8
29/7/20,16.6,19.4,0,3.4,74,18.1,82,8,ENE,39,1023.3,18.4,80,8,ENE,39,1019.8
30/7/20,16.6,20.4,0.4,2.2,57,19.3,84,7,NE,31,1019.3,19.1,87,7,NE,26,1015.7
31/7/20,17.4,18.9,83,,65,18.3,94,8,NE,30,1011.8,18.8,96,8,NNE,37,1008.3
1/8/20,15.3,17.6,9.2,0.6,61,16.2,91,7,SSW,30,1013.4,16.9,73,6,SW,30,1012.2
2/8/20,14.1,18.7,1,3,69,16.7,79,2,WSW,22,1015,17.5,81,7,WSW,33,1011.6
3/8/20,16.2,18.9,0.4,3.2,44,17.2,85,8,SSW,26,1013.7,17.7,75,8,SSE,24,1012.8
4/8/20,15.6,18.9,0.4,3.4,31,17.1,83,8,ESE,11,1017.2,17.8,74,5,SSE,13,1016.2
5/8/20,13.4,19.8,0.8,1.8,30,17,88,8,ENE,9,1017.9,17.4,82,8,NE,15,1015.9
6/8/20,15.3,20.1,1.4,1.8,28,18.1,87,4,NW,9,1018.1,19,79,1,W,15,1016.3
7/8/20,13.3,19.5,0,2.8,39,18.4,78,8,WNW,26,1018.9,18.4,64,8,WSW,22,1017.3
8/8/20,15,18.2,0.2,3.6,37,16.6,76,8,SW,20,1018.7,17.4,68,3,SSW,19,1016.8
9/8/20,12,18.8,0.2,3.4,52,16.4,67,6,ENE,15,1018.7,14.3,88,8,E,17,1015.9
10/8/20,13.7,19.3,6.2,1,72,18.4,93,7,NNW,19,1013.1,19.1,89,8,N,39,1007.5
11/8/20,14.2,19.2,18.6,1,52,17.2,73,,WNW,15,1009.8,17.5,73,8,WNW,30,1007.5
12/8/20,14.1,18.4,1.2,2.8,33,16.7,76,4,SSW,20,1016.9,17.2,64,,SSE,17,1015.3
13/8/20,11.7,17.6,0,3,20,16.2,70,2,ESE,13,1019,16.2,62,,SE,13,1016.1
14/8/20,12.3,18.2,0,2.8,33,16.6,63,3,S,19,1021.2,16.7,62,3,SSE,20,1019.9
15/8/20,12.2,18.1,0,,31,17,56,,E,17,1022.7,16,63,2,SE,17,1019.4
16/8/20,13.4,18.4,0,7,61,17.3,85,8,ENE,17,1019.4,17,84,8,ENE,28,1015.3
17/8/20,15.9,19.4,45.6,,59,17.8,94,,N,17,1013.5,18.7,82,8,N,19,1010.1
18/8/20,14.2,19,7.8,0.2,41,17.9,78,,SW,17,1009.4,17.5,72,8,SW,24,1006.3
19/8/20,15.6,19.8,0,3.6,41,18.1,73,7,WNW,20,1010.5,18.5,73,8,WNW,28,1007.9
20/8/20,17.3,21.4,0,6,59,19.2,84,8,NW,28,1008.3,19.8,86,8,NW,22,1005.7
21/8/20,16.7,20.1,12.4,5.2,43,18.4,74,8,W,17,1011.6,18.5,71,2,W,17,1011.3
22/8/20,16,20.6,0,2,41,18.5,81,7,NNW,19,1013.8,18.3,84,8,WNW,17,1011.2
23/8/20,16.7,19.1,,,85,18.6,84,8,NW,26,1010.1,18.9,72,8,WNW,31,1008.5
24/8/20,15.4,20.1,1.4,7.6,63,17.9,61,8,W,30,1014.6,18.9,51,1,W,35,1013.6
25/8/20,14.2,19.1,6.4,3.8,56,17.9,65,1,WSW,33,1018.7,18.1,70,8,SW,24,1017.9
26/8/20,14.6,17.8,0,4,37,16.9,60,1,SW,22,1022.1,17,60,1,SSW,22,1020
27/8/20,13.6,17.5,0,6.4,39,16.7,67,6,S,17,1023.4,16.1,61,8,SW,20,1022.7
28/8/20,10.2,18,0.6,4.4,26,16.3,55,4,S,9,1026,17.2,51,,NE,15,1022.6
29/8/20,12.2,18,5.6,3.2,50,13.6,87,,W,13,1021.8,17.5,63,3,W,24,1018.8
30/8/20,13.2,18.3,1.8,1.2,39,17.1,69,2,SE,19,1023.8,17.6,66,3,SSE,20,1022.6
31/8/20,14.1,19.5,0,3.4,37,17.9,64,3,ESE,15,1022.8,17.9,71,,SE,17,1019.9
1/9/20,11.8,19.6,0,3.4,35,18.1,59,1,NNE,15,1019.5,17.7,67,,WNW,17,1016.6
2/9/20,13.7,17.5,8,4.2,48,16.2,69,6,SSW,22,1021.9,16.1,65,5,SSE,28,1021.7
3/9/20,13.4,17.2,0,6.6,37,15.7,60,8,SE,19,1028,15.9,61,8,SE,22,1025.8
4/9/20,13.4,18.1,0,5.6,37,16.3,58,5,ESE,17,1028.5,16.1,59,7,SE,15,1025.5
5/9/20,13.1,18.6,0,5,31,17.1,51,,ENE,17,1026.6,16.8,57,8,E,17,1024.8
6/9/20,14.5,19.7,0,4.8,37,18,62,8,NE,22,1026.4,18.8,65,8,ENE,19,1024.9
7/9/20,13.7,19.4,0,2.6,43,18.2,72,7,SSW,15,1028.3,17.4,70,2,SE,26,1026.7
8/9/20,14.1,18.7,0,6.6,52,17,68,4,SE,19,1028.1,17.9,69,8,ESE,26,1025
9/9/20,14.3,19.2,4.8,5.2,54,16.7,88,8,ESE,20,1023.5,17,78,8,E,24,1019.7
10/9/20,13.8,18.4,1.8,3.8,28,16.9,68,1,SE,15,1018.7,16.9,63,8,S,17,1016.5
11/9/20,13.3,18.6,0,4.8,44,16.8,67,5,S,15,1020.8,15.9,72,8,SE,24,1020.7
12/9/20,13.8,17.7,0.6,4.6,46,15.4,68,8,ESE,20,1027,16.8,48,1,ESE,24,1025.4
13/9/20,13.8,19.1,0,6.2,48,16.7,60,,E,26,1029.5,16.9,63,5,ENE,30,1027.2
14/9/20,14,19.9,0,3.8,46,17.8,62,1,ENE,30,1027.4,18.6,64,1,NE,24,1025.1
15/9/20,13,20,0,5.4,24,18.9,54,,ESE,11,1026.8,18.4,58,,ESE,13,1025.1
16/9/20,12.4,20.5,0,5.2,28,18.7,66,,ENE,11,1029.6,18.3,70,1,SE,17,1027.6
17/9/20,13.4,19.8,0,3.8,31,18.7,71,8,ESE,17,1029.8,18.4,74,8,E,19,1027
18/9/20,13.1,19.7,0,3,31,18.6,76,2,SE,15,1028.3,18.5,74,1,SSE,17,1025.4
19/9/20,13.9,18.7,1.6,4.4,39,15.8,90,8,SE,22,1027.4,17.2,68,6,SE,22,1025.2
20/9/20,13.5,18.6,0,5,33,16.8,57,8,E,19,1026.2,18,56,1,ESE,19,1024.1
21/9/20,13.8,19.7,0,4.6,33,17.8,68,8,ESE,17,1025.4,18,64,8,E,15,1023.4
22/9/20,13,19.6,1.2,4.4,37,19,74,8,E,17,1023.6,18.5,70,8,E,19,1021.1
23/9/20,12.3,21,0,2.4,28,19,65,,NNE,11,1020.3,19.8,61,,WNW,17,1017.5
24/9/20,15.3,21.8,0,4.4,35,19.7,70,,NW,17,1017.9,20.3,73,,NW,17,1015.9
25/9/20,16.6,22.4,0,5,37,19.9,78,8,N,13,1019.1,20.7,81,7,WNW,19,1017.6
26/9/20,18,21.9,0,3.2,76,20.7,87,8,NNE,28,1019,20.8,87,8,NNE,28,1016.1
27/9/20,17.2,20.2,7,3.4,37,19.3,74,4,SW,24,1017.8,19.3,64,4,SW,20,1016.5
28/9/20,15.5,20.4,0,4.4,33,18.7,61,,SW,17,1020.9,19.1,60,4,SW,17,1018.4
29/9/20,14,19.3,0,5.8,31,17.8,55,6,SSE,15,1020.5,18.3,55,,SSW,19,1018
30/9/20,14.1,19.3,0,5.6,37,17.9,66,8,SSE,19,1021.2,17.7,60,8,SE,22,1020.2
1/10/20,13,19.6,0,5.4,39,18.1,49,,E,22,1025.5,18.4,56,5,ENE,31,1023
2/10/20,13.5,20.4,0,6,43,19.3,50,8,NE,19,1025.4,18.5,60,8,NE,20,1023
3/10/20,14.8,20.2,,,46,18.5,59,,SE,24,1026.2,18.7,69,8,SE,26,1024.8
4/10/20,15.8,20.6,0.4,11,59,18.8,71,,ESE,31,1027.5,18.7,64,,ESE,30,1025.2
5/10/20,16.4,20.5,0,9.2,63,18.7,69,,E,35,1023.1,18.4,78,,ESE,33,1020.1
6/10/20,16.4,19.2,2.2,4.2,48,17.4,96,,SE,28,1015.8,18.5,94,,SE,22,1013.2
7/10/20,16.8,19.4,2.2,0.2,46,18.2,92,,SE,28,1016.6,17.9,85,,SSE,26,1015.1
8/10/20,15.7,20.1,0,3.2,39,19.1,63,,ESE,17,1018.8,19.2,74,,SE,15,1017.5
9/10/20,16.1,20.4,3,4,35,19.1,74,,E,20,1021.2,19,72,,E,20,1020
10/10/20,14.6,21.9,,,41,20.5,79,,ENE,24,1022.3,20.4,81,,NE,28,1020.3
11/10/20,18.1,22.3,1.6,9.2,33,21.2,82,,NNE,13,1022,20.4,86,,ENE,9,1019.8
12/10/20,18,20,9.4,0.4,35,18.3,96,,SSE,17,1020.8,18.9,91,,SE,19,1019.1
13/10/20,17.7,19.5,9,2.8,46,18.7,97,,SSE,19,1019.3,18.4,97,,SSE,15,1016.9
14/10/20,17.1,19.4,18.2,1.4,50,18.3,92,,SE,19,1016.4,17.3,90,,SE,31,1014.5
15/10/20,15.1,19.3,5.2,2.6,48,17.5,60,,SSE,26,1017,18,62,,SE,26,1015.2
16/10/20,14.6,19.4,0,6.4,39,17.4,54,,SSE,22,1018.4,17.8,59,,SE,19,1016.3
17/10/20,14.8,19.7,0,,31,17.3,76,,S,20,1018.2,18.2,68,,SE,15,1016.7
18/10/20,14.7,20.4,0,11,37,18.9,50,,ENE,22,1020.6,19.1,55,,NE,19,1018.1
19/10/20,14,21.4,0,7,35,20.1,60,,NE,20,1019.6,20,60,,ENE,19,1017.3
20/10/20,16.9,21.7,1,5.8,41,20.5,74,,NE,24,1016.9,20.8,76,,NNE,24,1015.3
21/10/20,18,21.7,4.8,2.2,37,19.4,91,,NNE,19,1015.9,20.4,82,,N,15,1014.5
22/10/20,18.9,22.9,3.4,1.2,37,21.1,83,,WNW,15,1017.4,21.9,85,,NE,13,1016
23/10/20,18.6,22,0.4,2.8,39,20.6,91,,NE,15,1020.4,21.1,88,,NNE,20,1018.1
24/10/20,19.2,22.4,,,50,20.8,83,,NE,33,1021.1,20.2,86,,NE,28,1019.6
25/10/20,19.1,22.4,0,8.4,43,21,81,,NE,31,1021.1,20.9,77,,ENE,31,1019.5
26/10/20,17.5,22.7,0,6.2,39,21.2,74,,ENE,26,1020.8,21.1,76,,E,20,1019.3
27/10/20,17.9,22.9,0,6.2,37,21.4,81,,NE,22,1021.1,21.1,83,,NE,19,1020.3
28/10/20,18.4,22.9,0,5.8,39,22.4,80,,ENE,24,1023,20.8,86,,ENE,28,1020.9
29/10/20,18.7,22.5,0,5.6,43,20.3,77,,NE,26,1020.4,19.7,83,,NE,24,1017.9
30/10/20,18.7,22.9,1.2,3,48,20.2,87,,NE,28,1018.4,20.9,85,,NNE,20,1016.8
31/10/20,19.3,23.8,0,4.4,30,22.2,80,,NNE,19,1021.8,22.5,78,,NE,15,1021.1
1/11/20,19.5,22.9,0,6.2,44,21.4,84,,ENE,33,1022.6,21.6,84,,NNE,20,1021.3
2/11/20,19.7,22.8,0,5.2,43,22,84,,NNE,26,1020.4,21.5,85,,N,19,1018.9
3/11/20,17.3,23.4,24.4,2.8,43,21.6,93,,NNE,15,1016.9,20.1,92,,ENE,24,1013.8
4/11/20,19.2,21.6,4.4,2.2,41,20.7,95,,NE,11,1012.6,19.4,96,,SSW,11,1009.8
5/11/20,18.4,23.5,105.6,,39,21.7,76,,WNW,26,1011.6,22.8,73,,WNW,24,1010.7
6/11/20,16.9,24.4,0,4.6,33,22.2,74,,NW,15,1014.6,22.4,82,,NNE,17,1012.3
7/11/20,19.2,24,3.6,6,61,22.1,84,,NW,26,1010.3,22.7,66,,W,37,1009.7
8/11/20,18.4,22,0.2,7.6,59,21.4,59,,WSW,30,1013.9,19.8,54,,SW,31,1013.9
9/11/20,14.5,20.6,1,8.6,57,18.3,52,,SW,26,1017.3,19.5,57,,SW,28,1015.2
10/11/20,15.3,21.4,0.4,6.2,35,19.6,61,,SSW,22,1017.4,20.5,59,,S,19,1015.8
11/11/20,14.9,21.3,0,7,30,19.3,70,,S,13,1018.9,19.5,65,,SE,17,1017.5
12/11/20,15.5,21.6,0,6.2,37,20,71,,SE,20,1019.6,19.4,73,,E,24,1018.2
13/11/20,15.7,23.2,0.8,3.4,46,20.8,81,,E,20,1019.2,21.7,71,,ENE,30,1017.3
14/11/20,17.9,23.8,7.8,7,48,21,89,,NE,19,1019.1,22.5,80,,ENE,20,1017
15/11/20,19.6,23.9,1.8,4.8,46,22.1,81,,NE,19,1017.9,21.6,89,,NNE,20,1015.2
16/11/20,18.4,23,6.6,4.2,37,21.5,81,,S,26,1017.7,21.5,71,,SSE,19,1017.2
17/11/20,16.7,22.7,0,7.4,30,21.1,71,,SSE,9,1018.5,22.4,67,,SW,17,1016.9
18/11/20,15.3,24,0,4.8,35,21.2,73,,SW,15,1018.1,22.9,72,,SW,19,1016.2
19/11/20,17,21.8,0,7.6,37,20.7,60,,SSE,20,1020.3,20.6,61,,SSE,22,1019.6
20/11/20,15.9,21.8,0.2,7.6,37,19.9,53,,SSE,19,1022.2,19.6,66,,SE,22,1020.8
21/11/20,16.1,21.9,0.4,6.8,33,20.4,60,,ESE,19,1021.5,20.6,58,,SE,17,1019.6
22/11/20,15,21.9,0,7.6,30,19.6,60,,S,15,1018.7,20,59,,SSW,20,1016.6
23/11/20,15.9,22,0,6.4,28,19,87,,WSW,17,1015.5,20,81,,ENE,11,1012.9
24/11/20,16.1,24,1.8,2.8,39,21.8,72,,NW,19,1011.9,22.5,70,,NW,24,1010
25/11/20,19.9,24.4,0,6.4,41,22.8,78,,NW,19,1011.1,22.4,83,,W,13,1009.5
26/11/20,17.4,21.5,18.8,7,33,20.8,89,,SSE,9,1011.9,20.7,79,,SSE,15,1011.1
27/11/20,18,22.7,0,1.8,41,21.1,73,,SSE,26,1013.6,22,70,,SSE,28,1012.4
28/11/20,17.3,23,0,7.2,43,21.3,70,,SSE,28,1015.1,20.5,65,,SSE,30,1015.3
29/11/20,14,22.1,0,6.6,30,19.7,71,,W,13,1016.1,21.8,65,,WNW,17,1014.9
30/11/20,17,24.1,0,6.8,43,21.6,69,,W,30,1015.6,23.4,68,,W,26,1013.6
1/12/20,18,22.5,1,,35,20.4,79,,S,17,1017,21.1,60,,S,22,1017
2/12/20,16.5,22.3,0.2,,31,20.9,60,,E,13,1020.2,21.6,57,,SE,17,1018.7
3/12/20,16,23.2,0,,35,21.6,59,,SW,13,1020.2,21.6,61,,SSE,17,1018.6
4/12/20,16.4,23.5,0,,26,21.1,72,,SW,15,1018.2,22.4,64,,W,15,1015.6
5/12/20,17.9,25.3,0,,33,22.6,74,,WNW,17,1015.6,24,77,,W,22,1013.8
6/12/20,20.4,25.9,0,,26,23.4,75,,NW,11,1016.6,24.6,70,,N,15,1015.9
7/12/20,20.9,25.5,0,,37,23.3,79,,N,22,1017.7,23.8,79,,NNE,17,1017.2
8/12/20,21.4,25.9,0,,43,24.5,81,,NNE,26,1016.4,24.1,84,,NNE,20,1014.6
9/12/20,22.6,23.9,6,,54,19.2,95,,SW,22,1012.9,22.3,87,,NW,17,1012
10/12/20,18.5,24,16.4,,33,22.5,65,,SSE,15,1017.8,22.3,66,,SSE,17,1017.4
11/12/20,17,23.4,0,,35,21.9,62,,SE,20,1019.5,20.6,73,,E,19,1017.8
12/12/20,17.1,23.7,27.6,,54,21.4,80,,ESE,28,1020.5,22.3,76,,ESE,33,1018.7
13/12/20,19,21,0.4,,54,20.2,76,,ESE,26,1019.6,20.2,76,,ESE,24,1018.5
14/12/20,19.5,22.7,0,,50,20.6,74,,E,28,1019.2,21.5,72,,E,28,1017.5
15/12/20,19.6,25,0,,52,23.7,59,,ENE,33,1019.8,23.5,74,,E,30,1018.2
16/12/20,19.5,25,0,,52,22.9,60,,E,31,1019.4,23.4,62,,E,35,1017.3
17/12/20,19.2,23.9,0,,48,22.9,66,,E,33,1017,22.5,67,,E,28,1015.8
18/12/20,19,24,0,,41,22.4,69,,E,24,1017.8,22.4,71,,E,28,1016
19/12/20,18.3,24.8,0,,43,23,60,,E,31,1017,23.6,60,,E,24,1015.4
20/12/20,18.6,24,0,,41,22.8,67,,E,24,1014.6,23.1,68,,E,26,1013.8
21/12/20,18.9,24.7,0,,31,22.4,72,,SE,17,1014.1,23.2,66,,SE,20,1013
22/12/20,17.4,24.9,0,,30,23.7,64,,ESE,15,1013.8,23,67,,NE,15,1012
23/12/20,17.7,25.8,0,,31,23,69,,N,9,1011.4,24.3,69,,WNW,19,1009.2
24/12/20,20.3,,4.6,,,22.9,72,,SSW,24,1010.3,22.8,73,,,,1010
25/12/20,19.5,23.7,,,35,22.3,58,,SSE,19,1012.9,22.1,67,,SE,20,1012.4
26/12/20,18.2,23.3,0,,35,21.2,63,,SE,15,1016.1,22.4,64,,SE,17,1015
27/12/20,17.9,23,0,,37,20.9,54,,SE,22,1017.7,22.5,56,,SE,19,1016.4
28/12/20,16.4,23.1,0,,39,20.6,60,,ESE,22,1017.4,21.8,56,,E,20,1016.4
29/12/20,16.9,23.9,0,,43,21.8,63,,E,24,1018.2,22.1,64,,E,24,1017.3
30/12/20,18.3,23.5,0,,39,22.2,68,,E,28,1018.9,22.2,65,,E,22,1018.9
31/12/20,19.5,22.2,0,,41,21.5,74,,E,24,1018.7,20.7,82,,E,20,1017.7
1/1/21,19.6,23.4,1.2,,41,22.2,76,,E,28,1016.4,22.5,68,,ENE,17,1014.7
2/1/21,19.2,25.5,2.8,,46,22.8,72,,E,26,1012.8,24.5,70,,E,30,1011.1
3/1/21,20.8,25.9,0.2,,48,23.6,77,,E,30,1012.6,24.4,72,,E,31,1011.9
4/1/21,20.8,25.9,0,,56,23.1,83,,E,28,1014.1,24.4,76,,ENE,33,1013
5/1/21,21.3,25.9,0.2,,52,24.6,75,,E,33,1015.9,24,73,,E,31,1014.5
6/1/21,19.8,25.6,0,,37,24.5,68,,ENE,24,1014.9,23.7,72,,ENE,22,1012.7
7/1/21,17.9,25.1,0,,33,23.4,66,,ENE,15,1013.1,24.7,68,,NNE,13,1011.3
8/1/21,20.2,24,0.4,,30,21.3,92,,W,6,1011.9,21.7,85,,S,15,1011.2
9/1/21,19.1,24.7,2.2,,35,23,68,,SE,20,1014,22.3,66,,ESE,19,1013.1
10/1/21,19.1,24.2,2.6,,41,20.5,89,,E,15,1014.5,22.3,74,,ESE,19,1013.4
11/1/21,19.7,25.5,0,,44,23.5,64,,ESE,24,1014.8,23.6,67,,SE,26,1013.6
12/1/21,20.3,25.4,0,,48,23.4,74,,ESE,24,1014.9,24.6,73,,E,26,1013.3
13/1/21,20.5,24.9,0,,43,23.4,75,,SE,22,1015.6,23.3,65,,SE,20,1014.5
14/1/21,19.7,24.8,0.4,,33,22.8,68,,SE,20,1013.5,23.5,65,,SSE,22,1011.3
15/1/21,19.5,26.5,0.6,,46,23.3,83,,E,26,1010.9,24.9,74,,E,31,1009.6
16/1/21,21.9,26.8,0.2,,41,25.2,75,,ENE,26,1009.1,25.5,70,,ENE,24,1008.2
17/1/21,21.9,26.6,0,,30,25,80,,W,17,1011.1,25.5,75,,SSW,13,1010.5
18/1/21,20.5,25.6,0.4,,33,23.4,65,,SSE,22,1014.5,24.1,62,,SSE,17,1014.3
19/1/21,18.5,25.2,0,,28,23.9,66,,NE,15,1014.7,22,79,,S,11,1012.8
20/1/21,19.6,25.9,0,,39,24.1,62,,SSW,20,1011.6,23.8,71,,S,24,1010.2
21/1/21,18.5,23.5,0.2,,43,21.5,58,,SSW,20,1013.2,22,59,,S,26,1012.7
22/1/21,16.9,24.3,0,,33,21.8,66,,SSE,24,1015.4,22.5,56,,SE,17,1014.7
23/1/21,17.8,24.8,0,,37,22.8,54,,SE,17,1017.7,23.2,55,,E,20,1016.7
24/1/21,20.2,25.3,0,,43,23.9,61,,SE,24,1018.3,23.6,58,,ESE,24,1016.4
25/1/21,19.7,25.2,0,,43,22.7,64,,SE,22,1017.4,23.7,62,,E,26,1014.5
26/1/21,20.6,26.6,0,,46,24.5,58,,ENE,24,1014.7,24.9,67,,E,28,1012.5
27/1/21,21,27,0,,46,25.7,56,,E,24,1013.6,25.4,65,,E,31,1011.6
28/1/21,21.4,27,0,,43,24,73,,ESE,17,1012.5,24.8,70,,SE,28,1010.9
29/1/21,20.9,26.1,0.2,,44,23.4,66,,SE,22,1011.5,21.8,82,,SE,22,1010.7
30/1/21,19.3,24,0,,54,21.1,53,,SE,26,1013.8,22.7,51,,ESE,28,1012.6
31/1/21,20,25.5,0.2,,67,24.4,60,,E,39,1014.9,23,53,,E,35,1014.6
1/4/21,18.9,23,0,,33,21.6,68,,SW,19,1015.1,21.6,76,,SW,17,1014
2/4/21,19.4,23.4,0,,39,21.3,73,,SE,19,1019.4,21.7,76,,SE,22,1018.1
3/4/21,19.1,23.4,0,,41,21.5,66,,ESE,22,1022,21.8,67,,ESE,24,1020.3
4/4/21,18.9,23.6,0,,41,21.4,75,6,ESE,19,1022.7,21.2,77,8,E,22,1020.5
5/4/21,18.1,23.8,0.6,,35,22.4,61,,E,24,1022.7,22.3,66,6,E,24,1020
6/4/21,17.7,23.3,0,,33,21.9,68,8,E,17,1021.8,21.6,70,8,E,24,1018.9
7/4/21,19.1,23.2,0,,33,22.7,70,5,ESE,17,1018.9,21.4,72,8,ENE,19,1015.8
8/4/21,19.2,23.7,0,,37,22.5,74,7,NE,22,1015,22,77,8,NE,17,1012.4
9/4/21,21.3,24,0.2,,57,23.1,84,6,NNE,30,1009.1,22.1,94,8,NNE,26,1005.7
10/4/21,19.9,23.9,4.4,,41,23.1,93,8,W,19,1005.8,22.9,78,1,SW,24,1005.2
11/4/21,17.7,23.6,0.2,,33,22.3,80,,E,15,1010.9,23.1,79,8,E,17,1009.1
12/4/21,18.4,23.7,0,,30,22.3,79,8,SSW,17,1013.5,22.6,75,,SW,17,1012.2
13/4/21,19.2,23.5,0,,35,21.9,68,6,SSW,24,1016.6,22.5,59,,SSW,20,1014.8
14/4/21,19.1,22.8,0,,37,20.5,71,8,SW,28,1016.9,22,53,,SSW,20,1014.8
15/4/21,16.3,22.6,0,,24,20.7,60,8,S,9,1017.5,21.1,56,8,S,9,1015.8
16/4/21,16.8,23,0,,22,20.7,62,7,ESE,9,1017.8,21.5,61,,WSW,9,1015.8
17/4/21,16.5,23.8,0,,30,21.6,69,6,WSW,17,1018.4,22.2,66,3,SE,19,1016.1
18/4/21,16.2,23.7,0.6,,37,21.2,64,,ESE,17,1018.6,22.1,63,,ENE,24,1016.3
19/4/21,19.4,23.4,0,,48,22,80,8,NE,24,1015.2,22.1,84,8,NNE,24,1011.6
20/4/21,19.5,24,12.2,,56,21.3,73,8,W,24,1012.8,22.7,63,,W,31,1011.2
21/4/21,19.5,23.2,0,,50,21.4,69,8,WSW,28,1014.3,21,68,7,SW,13,1011.6
22/4/21,17.1,22.3,7.2,,35,17.8,92,8,NNW,11,1012.7,21.8,71,8,WSW,19,1010.1
23/4/21,17.4,23.5,0.2,,35,21,72,8,WSW,13,1014.7,22.2,68,8,W,19,1013.1
24/4/21,17.7,23,0,,24,21.7,70,1,SSW,11,1018.3,21.8,68,,SSW,11,1016.5
25/4/21,17.1,23.3,0,,28,21.1,74,8,S,9,1018.2,21,70,8,SSE,17,1015.9
26/4/21,17.8,22.3,0,,31,20.5,57,,SSE,20,1017.7,21.2,58,1,S,17,1016.3
27/4/21,17,22.4,0,,35,20.4,64,1,SW,19,1017.9,21.1,63,1,SW,19,1015.7
28/4/21,16.8,21.8,1,,43,20,69,5,S,22,1017,20.3,60,2,S,20,1015.8
29/4/21,15.2,21.4,5.2,,48,18.8,69,8,ESE,19,1021.5,20.4,62,6,ESE,19,1020.7
30/4/21,17.3,22.1,0.4,,37,20.5,60,,ESE,20,1026.6,20.7,60,,ESE,20,1024.7
1/3/21,17.6,24.9,0,,28,23.5,76,,E,11,1012.8,24.3,71,,NNE,13,1010.6
2/3/21,18.7,25.2,0.2,,28,23.6,77,,NE,11,1011.6,25,73,,NNW,4,1009.9
3/3/21,20.6,26.4,0.4,,30,24,83,,N,9,1010.2,24.9,75,,NW,13,1008.4
4/3/21,21.1,26,3,,35,24.2,84,,W,17,1007,22.3,93,,S,17,1005
5/3/21,19.8,24,2.2,,28,21.7,71,,S,19,1005.2,23.3,62,,S,15,1004
6/3/21,17.3,22.6,0,,35,21.2,64,,NNE,6,1005.7,21,67,,ESE,6,1002.9
7/3/21,18.2,23.8,2.8,,57,20,74,,S,28,1008.6,22.3,60,,SSW,20,1010.2
8/3/21,17.6,23.4,1.2,,31,21,74,,SE,15,1018.4,22.9,60,,SE,15,1017.4
9/3/21,17.7,24,0,,31,22.3,61,,SE,17,1020,23.2,53,,E,13,1017.9
10/3/21,16.3,25.4,0,,28,22.9,66,,NE,9,1019.5,24.7,49,,WNW,9,1017.5
11/3/21,17.9,25.5,0,,28,23.4,68,,WNW,13,1019.7,24.4,75,,S,19,1019.1
12/3/21,20.1,24.6,0,,35,21.7,77,,SSE,19,1021.3,23.7,68,,SE,19,1019.6
13/3/21,18.2,24.7,0,,35,22.5,79,,E,19,1020.6,23.7,72,,ENE,20,1018.8
14/3/21,20.9,25.8,0,,43,23.1,77,,ENE,31,1019.8,23.6,74,,ENE,24,1018
15/3/21,18.4,25,0,,37,23.2,78,,E,24,1018.9,23.4,77,,ENE,26,1016
16/3/21,19.8,25.2,0,,31,23,76,,N,15,1015.5,22.3,89,,N,11,1013
17/3/21,19.1,23.4,3.6,,43,22.4,84,,E,17,1015.5,21.7,85,,NE,30,1015
18/3/21,19.2,25,1.4,,48,22.5,82,,ESE,24,1020.6,23,72,,E,33,1019.3
19/3/21,19.7,24.6,2,,59,22.6,72,,E,39,1022.3,23.5,63,,E,35,1021.2
20/3/21,20,24.2,0.2,,50,21.7,71,,E,24,1022.5,20.3,87,,ESE,26,1020.5
21/3/21,17.9,23.4,1.4,,44,22.3,70,,ESE,20,1021.7,22.3,72,,ESE,26,1020
22/3/21,17.9,23,4.4,,52,21.6,65,,ESE,20,1021.9,19.3,86,,ESE,26,1019.6
23/3/21,17.5,23.7,7.8,,41,22.3,69,,ESE,20,1019.2,22.6,68,,ESE,20,1016.2
24/3/21,17.7,24.1,0.6,,39,21.7,70,,E,17,1015.7,22.3,69,,E,22,1013
25/3/21,19.3,23.4,0,,50,22.2,65,,NE,31,1013.9,21.6,74,,NE,33,1012.4
26/3/21,19.8,24.5,0.8,,57,22.9,75,,NE,28,1015.2,22.8,78,,NNE,33,1012.9
27/3/21,20.3,23.2,22,,50,20.7,98,,NE,26,1015.4,22.8,97,,N,24,1013.4
28/3/21,20.4,25.6,27,,44,22.5,92,,N,15,1015.5,24.8,77,,W,11,1013.7
29/3/21,19.2,23.9,0,,30,22,88,,SE,17,1015.7,22.9,78,,SE,17,1014.6
30/3/21,19.6,23.1,0,,30,21.2,82,,SSW,15,1013.7,21.7,69,,SSW,17,1011.5
31/3/21,19.1,22.3,0,,39,21.2,71,,SSW,22,1012.6,21.7,58,,SW,17,1011.9
1/2/21,20.5,25.7,0,6,59,23.4,60,,ESE,33,1016,24.6,52,,E,31,1013.7
2/2/21,19.9,25.1,0,10.8,54,22,64,,E,26,1012.3,24,60,,E,31,1010.6
3/2/21,18.6,24.7,3.4,9.4,63,22.9,64,,E,31,1011.5,22.4,64,,E,35,1010.5
4/2/21,20.5,23.8,0,8,57,22.1,76,,E,35,1012.6,22.8,73,,E,35,1010.9
5/2/21,21,25.8,0.2,4.6,61,23.1,78,,E,39,1011.2,24,76,,E,39,1009.8
6/2/21,21.2,24.6,0,7,63,22.3,77,,ENE,43,1012,23.3,77,,ENE,33,1010.6
7/2/21,19.8,26.5,3.6,5,,23.5,69,,ENE,33,1010.8,25,67,,ENE,35,1008.9
8/2/21,20.7,25.4,0.6,7.8,41,21.9,91,,ENE,15,1009.2,24.4,72,,NE,30,1006.9
9/2/21,20.5,26.9,1,6,44,24.8,78,,NNE,24,1005.6,24.8,80,,NE,30,1002.6
10/2/21,18.7,24.4,68.4,,46,19.9,96,,E,20,1003.9,23.7,77,,SE,26,1002.6
11/2/21,19.1,20.7,20,4.4,50,19.8,94,,SSE,30,1007.3,20.3,80,,SE,28,1007.6
12/2/21,18.3,23.6,1.2,4.2,52,21.2,80,,SE,28,1012.4,21.8,76,,ESE,22,1011.9
13/2/21,19,24.1,1.8,4.8,52,22.9,85,,E,30,1012.9,22.1,94,,E,20,1011.9
14/2/21,21.7,26.5,3.2,1.4,30,24.4,88,,E,19,1010.5,25,81,,SSE,15,1008.5
15/2/21,20.2,27.2,0,5.8,35,24.6,86,,NNE,17,1009.1,26,81,,WNW,19,1007.6
16/2/21,19.9,27.3,0.8,4,30,25.1,80,,NE,13,1011.2,24.3,88,,SE,17,1010.8
17/2/21,21.9,23.3,8.8,6,48,22,93,,ESE,24,1014.9,22.5,86,,E,30,1014.5
18/2/21,21.4,24.4,0,4,69,22.9,85,,E,41,1017.9,23,83,,E,44,1017.2
19/2/21,20.6,23.8,2.4,4.6,65,22.1,91,,E,35,1020.4,22.8,83,,E,37,1018.1
20/2/21,21.1,25.4,0,4,67,23.4,82,,E,37,1018.1,23.2,82,,E,31,1016.4
21/2/21,21.7,24,0,7,61,23.3,82,,ENE,39,1015.7,22.2,93,,ENE,31,1013
22/2/21,21.8,23.5,5.4,2.4,70,22.9,91,,NE,41,1011.9,23.4,92,,NNE,24,1011.8
23/2/21,21.8,24.7,3.6,2,43,23.6,88,,NE,24,1013.4,22,90,,NE,20,1012.4
24/2/21,21.5,25.6,1.8,1,33,24.2,93,,ENE,24,1014.4,23.7,86,,E,24,1013.4
25/2/21,21.5,25.2,0,5.8,46,24,84,,E,30,1015.6,23.3,83,,E,28,1014.1
26/2/21,20.6,24.9,0,7,,23.1,80,,E,28,1015.4,23.8,72,,ESE,22,1013.2
27/2/21,19.3,24.8,0,6.2,33,23.2,79,,E,20,1014.6,22.7,78,,E,22,1012.4
28/2/21,18.1,24.9,,,26,22.8,81,,E,15,1014.2,24,75,,SSE,17,1012.1
1/3/21,17.6,24.9,0,10,28,23.5,76,,E,11,1012.8,24.3,71,,NNE,13,1010.6
2/3/21,18.7,25.2,0,4.4,28,23.6,77,,NE,11,1011.6,25,73,,NNW,4,1009.9
3/3/21,20.6,26.4,0.4,5,30,24,83,,N,9,1010.2,24.9,75,,NW,13,1008.4
4/3/21,21.1,26,3,4.6,35,24.2,84,,W,17,1007,22.3,93,,S,17,1005
5/3/21,19.8,24,2.4,6.4,28,21.7,71,,S,19,1005.2,23.3,62,,S,15,1004
6/3/21,17.3,22.6,0,4.6,35,21.2,64,,NNE,6,1005.7,21,67,,ESE,6,1002.9
7/3/21,18.2,23.8,,,57,20,74,,S,28,1008.6,22.3,60,,SSW,20,1010.2
8/3/21,17.6,23.4,4,8.2,31,21,74,,SE,15,1018.4,22.9,60,,SE,15,1017.4
9/3/21,17.7,24,0,6.2,31,22.3,61,,SE,17,1020,23.2,53,,E,13,1017.9
10/3/21,16.3,25.4,0,6,28,22.9,66,,NE,9,1019.5,24.7,49,,WNW,9,1017.5
11/3/21,17.9,25.5,0,5.6,28,23.4,68,,WNW,13,1019.7,24.4,75,,S,19,1019.1
12/3/21,20.1,24.6,0.2,4.8,35,21.7,77,,SSE,19,1021.3,23.7,68,,SE,19,1019.6
13/3/21,18.2,24.7,0,,35,22.5,79,,E,19,1020.6,23.7,72,,ENE,20,1018.8
14/3/21,20.9,25.8,0,10.8,43,23.1,77,,ENE,31,1019.8,23.6,74,,ENE,24,1018
15/3/21,18.4,25,0,5.8,37,23.2,78,,E,24,1018.9,23.4,77,,ENE,26,1016
16/3/21,19.8,25.2,0,5.6,31,23,76,,N,15,1015.5,22.3,89,,N,11,1013
17/3/21,19.1,23.4,3.8,3.4,43,22.4,84,,E,17,1015.5,21.7,85,,NE,30,1015
18/3/21,19.2,25,1.6,3.4,48,22.5,82,,ESE,24,1020.6,23,72,,E,33,1019.3
19/3/21,19.7,24.6,2.2,6.2,59,22.6,72,,E,39,1022.3,23.5,63,,E,35,1021.2
20/3/21,20,24.2,0,9,50,21.7,71,,E,24,1022.5,20.3,87,,ESE,26,1020.5
21/3/21,17.9,23.4,,,44,22.3,70,,ESE,20,1021.7,22.3,72,,ESE,26,1020
22/3/21,17.9,23,6.6,13.4,52,21.6,65,,ESE,20,1021.9,19.3,86,,ESE,26,1019.6
23/3/21,17.5,23.7,8,6,41,22.3,69,,ESE,20,1019.2,22.6,68,,ESE,20,1016.2
24/3/21,17.7,24.1,0.8,6.6,39,21.7,70,,E,17,1015.7,22.3,69,,E,22,1013
25/3/21,19.3,23.4,0,6.4,50,22.2,65,,NE,31,1013.9,21.6,74,,NE,33,1012.4
26/3/21,19.8,24.5,1.4,5.4,57,22.9,75,,NE,28,1015.2,22.8,78,,NNE,33,1012.9
27/3/21,20.3,23.2,23,5.4,50,20.7,98,,NE,26,1015.4,22.8,97,,N,24,1013.4
28/3/21,20.4,25.6,,,44,22.5,92,,N,15,1015.5,24.8,77,,W,11,1013.7
29/3/21,19.2,23.9,28.8,6.4,30,22,88,,SE,17,1015.7,22.9,78,,SE,17,1014.6
30/3/21,19.6,23.1,0.2,4.2,30,21.2,82,,SSW,15,1013.7,21.7,69,,SSW,17,1011.5
31/3/21,19.1,22.3,0,4.8,39,21.2,71,,SSW,22,1012.6,21.7,58,,SW,17,1011.9
1/4/21,18.9,23,0,5.4,33,21.6,68,,SW,19,1015.1,21.6,76,,SW,17,1014
2/4/21,19.4,23.4,0,3.2,39,21.3,73,,SE,19,1019.4,21.7,76,,SE,22,1018.1
3/4/21,19.1,23.4,0,5.4,41,21.5,66,,ESE,22,1022,21.8,67,,ESE,24,1020.3
4/4/21,18.9,23.6,0,6.2,41,21.4,75,6,ESE,19,1022.7,21.2,77,8,E,22,1020.5
5/4/21,18.1,23.8,0.6,4.2,35,22.4,61,,E,24,1022.7,22.3,66,6,E,24,1020
6/4/21,17.7,23.3,0,4,33,21.9,68,8,E,17,1021.8,21.6,70,8,E,24,1018.9
7/4/21,19.1,23.2,0,3.8,33,22.7,70,5,ESE,17,1018.9,21.4,72,8,ENE,19,1015.8
8/4/21,19.2,23.7,0,3.6,37,22.5,74,7,NE,22,1015,22,77,8,NE,17,1012.4
9/4/21,21.3,24,0,4,57,23.1,84,6,NNE,30,1009.1,22.1,94,8,NNE,26,1005.7
10/4/21,19.9,23.9,5,2.4,41,23.1,93,8,W,19,1005.8,22.9,78,1,SW,24,1005.2
11/4/21,17.7,23.6,0,3,33,22.3,80,,E,15,1010.9,23.1,79,8,E,17,1009.1
12/4/21,18.4,23.7,0,4,30,22.3,79,8,SSW,17,1013.5,22.6,75,,SW,17,1012.2
13/4/21,19.2,23.5,0,4.8,35,21.9,68,6,SSW,24,1016.6,22.5,59,,SSW,20,1014.8
14/4/21,19.1,22.8,0,6.8,37,20.5,71,8,SW,28,1016.9,22,53,,SSW,20,1014.8
15/4/21,16.3,22.6,0,6.2,24,20.7,60,8,S,9,1017.5,21.1,56,8,S,9,1015.8
16/4/21,16.8,23,0,3,22,20.7,62,7,ESE,9,1017.8,21.5,61,,WSW,9,1015.8
17/4/21,16.5,23.8,0,3.8,30,21.6,69,6,WSW,17,1018.4,22.2,66,3,SE,19,1016.1
18/4/21,16.2,23.7,0.6,4,37,21.2,64,,ESE,17,1018.6,22.1,63,,ENE,24,1016.3
19/4/21,19.4,23.4,0,5.4,48,22,80,8,NE,24,1015.2,22.1,84,8,NNE,24,1011.6
20/4/21,19.5,24,12.4,2.8,56,21.3,73,8,W,24,1012.8,22.7,63,,W,31,1011.2
21/4/21,19.5,23.2,0,6.8,50,21.4,69,8,WSW,28,1014.3,21,68,7,SW,13,1011.6
22/4/21,17.1,22.3,7.2,4.4,35,17.8,92,8,NNW,11,1012.7,21.8,71,8,WSW,19,1010.1
23/4/21,17.4,23.5,0.2,2.6,35,21,72,8,WSW,13,1014.7,22.2,68,8,W,19,1013.1
24/4/21,17.7,23,,,24,21.7,70,1,SSW,11,1018.3,21.8,68,,SSW,11,1016.5
25/4/21,17.1,23.3,0,6.8,28,21.1,74,8,S,9,1018.2,21,70,8,SSE,17,1015.9
26/4/21,17.8,22.3,0,3.6,31,20.5,57,,SSE,20,1017.7,21.2,58,1,S,17,1016.3
27/4/21,17,22.4,0.2,4.8,35,20.4,64,1,SW,19,1017.9,21.1,63,1,SW,19,1015.7
28/4/21,16.8,21.8,0.8,4.6,43,20,69,5,S,22,1017,20.3,60,2,S,20,1015.8
29/4/21,15.2,21.4,5.2,5.4,48,18.8,69,8,ESE,19,1021.5,20.4,62,6,ESE,19,1020.7
30/4/21,17.3,22.1,0.2,3.6,37,20.5,60,,ESE,20,1026.6,20.7,60,,ESE,20,1024.7
1/5/21,17.2,22.4,,,46,20.7,62,,ESE,19,1027,21.4,55,,E,26,1024.9
2/5/21,17.7,21.9,0,11.8,44,20.3,69,8,ESE,26,1026.9,19.6,74,8,ESE,30,1024.4
3/5/21,16.8,22.4,6.4,3.6,50,19.3,81,8,E,26,1023.6,20.9,66,5,ENE,31,1020.7
4/5/21,18.6,22,0,4.8,52,21.6,67,3,E,26,1020.9,20.7,68,4,E,33,1017.8
5/5/21,18,22.9,2.6,5.6,70,20.9,73,7,E,43,1019.5,21.6,70,8,E,43,1016.6
6/5/21,19.3,21.8,0.6,4.6,78,21.2,87,8,ENE,41,1018.5,21.4,87,8,ENE,46,1015
7/5/21,20.3,21.7,35.8,4.6,72,20.4,100,8,NW,11,1018.4,20.9,99,8,NE,13,1016.5
8/5/21,20,22.2,,,,21.4,100,8,NNE,22,1022,21.6,100,8,NNE,20,1020.8
9/5/21,20.4,23.6,46.6,,44,21.7,87,8,NNE,17,1024.1,21.9,89,8,ENE,20,1022.2
10/5/21,19.5,23.3,0.4,1.8,41,20.7,96,8,NE,15,1023,22.1,83,4,NE,24,1019.8
11/5/21,19.5,24.1,1.4,2.6,33,22.4,89,4,NNE,19,1021.8,22.3,87,8,NNE,15,1020.3
12/5/21,19.6,23.4,0,1.8,35,21.8,95,8,NE,13,1023.8,21.4,93,8,E,24,1020.7
13/5/21,19.2,22.6,0,2,44,20.4,90,8,E,22,1020.6,20.8,90,8,ENE,30,1016.1
14/5/21,18.5,22.7,0.4,2.2,56,22,96,8,NNE,33,1010.5,21.6,100,8,NNW,17,1008.3
15/5/21,18.2,22.1,,,30,20.9,74,,S,7,1014.5,21.2,72,,S,11,1012.6
16/5/21,15.9,22.8,5.2,4.8,44,21.1,82,3,E,9,1014.2,21.8,76,4,WSW,11,1011.4
17/5/21,17.5,21.7,0,3.8,41,20.5,61,,WSW,24,1016.2,21.1,67,1,WSW,20,1015.3
18/5/21,16.9,21.3,0,5.6,41,19.9,72,2,SW,20,1020.7,19.8,63,6,S,20,1020.6
19/5/21,16.6,20.9,0,3.6,41,19.8,52,2,ESE,13,1025.1,19,66,4,SE,15,1023.5
20/5/21,14.8,21,0.6,4.4,39,19.6,61,,ESE,20,1024,19.7,68,2,E,24,1020.9
21/5/21,16,20.5,1.2,5.8,39,19.5,68,1,SE,17,1019.5,19.1,77,8,SE,22,1015.4
22/5/21,16.6,20.7,2.8,5,52,19.2,79,5,SSE,28,1014.5,19.6,82,4,SSE,24,1012.2
23/5/21,15.5,20.2,4.8,4,46,18.9,71,1,S,19,1015.1,17.6,76,5,S,28,1012.9
24/5/21,14.8,19.4,4.4,3.8,54,18.1,70,2,S,24,1015.1,18.4,62,6,S,26,1012.9
25/5/21,14.6,19.5,20.4,4,50,17.9,81,7,S,31,1014.8,17.2,94,8,S,17,1012.2
26/5/21,16,20.9,9.8,2.8,46,17.7,86,8,E,26,1016.5,19.4,74,8,ESE,19,1015
27/5/21,14.7,21.3,0.2,5.2,28,19.4,68,5,NE,11,1017.4,19.3,71,6,NW,9,1014.2
28/5/21,16.5,21.2,0.2,0.6,74,19.3,73,7,SW,17,1012.7,20.2,62,2,W,26,1009.4
29/5/21,13.1,16.9,11.2,7.6,93,15.2,75,3,WSW,44,1003.7,15.5,78,8,WSW,37,1002
30/5/21,12.1,18.2,4,4.6,83,14.6,71,5,WSW,48,1006.3,17,64,8,WSW,37,1005.6
31/5/21,12.5,19.1,1.4,5.2,74,16.4,75,7,WSW,31,1009.3,17.7,64,6,WSW,39,1008.8
1/6/21,14.3,19,4,6,57,16.8,77,7,WSW,28,1015.8,18.2,55,1,SW,28,1016.1
2/6/21,16.2,19.3,0,3.6,31,18,62,8,SE,13,1021.7,18.1,61,8,SSE,13,1020.4
3/6/21,13.5,20.7,0,2,30,19.3,62,8,E,9,1023.5,18.6,65,8,E,13,1020.4
4/6/21,15.7,20.4,0,4,48,18.8,83,8,ENE,24,1019.8,19.1,74,6,NE,30,1016.2
5/6/21,17.3,20.2,,,52,18.1,96,8,NE,28,1012.8,18.9,86,5,N,9,1010.2
6/6/21,15.4,19.6,16.4,5.2,54,17.8,83,8,S,22,1011.4,18.4,80,8,SSW,31,1011.3
7/6/21,14.6,17.7,3.2,0,54,16.8,68,4,SSW,24,1016.1,16.4,62,8,SSW,30,1015.2
8/6/21,14.3,18.7,1,4.4,57,17.7,63,1,SSW,30,1016.6,17.8,77,8,SW,35,1015.1
9/6/21,14.8,20,1,3.4,28,18.3,82,3,ESE,13,1018.4,19,76,2,ESE,13,1016.6
10/6/21,15.7,20.7,0,1.4,26,19.6,67,,E,11,1020.3,19.1,71,,NE,19,1018.9
11/6/21,17,20.6,1,2.4,37,18.5,93,8,NE,20,1024,19.7,84,,NE,17,1022.2
12/6/21,18,21.1,,,41,19.8,97,8,NE,22,1025.5,19.6,97,8,NE,19,1023.5
13/6/21,18.6,20.2,19.6,1,44,19.4,100,8,N,22,1021,20,100,7,NNE,17,1017.4
14/6/21,18.1,22,17.6,0.2,33,19,100,8,WNW,11,1017.2,20.2,89,7, ,Calm,1015.4
15/6/21,16.7,20.7,0,0.4,22,18.6,90,8,SW,9,1018.6,20,83,4,WSW,13,1016.6
16/6/21,14.4,20.8,0,1.2,19,17.9,97,8,NW,9,1019.9,19.5,84,7,NW,7,1017.5
17/6/21,13,20,0,1.2,28,18.1,90,,ENE,13,1018.2,19,83,7,ENE,15,1014.7
18/6/21,15.4,20.8,0,1.4,35,19.2,92,8,NW,15,1014.2,20,91,8,NW,15,1010.7
19/6/21,18.3,20.7,0.2,1.8,52,19.5,98,8,N,24,1008.6,20.4,74,8,WNW,30,1006.2
20/6/21,15.9,20.6,4,3.2,74,19.2,78,6,WNW,33,1007.7,19.2,81,8,WNW,41,1004.7
21/6/21,16.3,19.5,0.6,3.6,52,18,84,8,SW,19,1013.9,18.2,83,8,SW,19,1013.6
22/6/21,15,18.9,0.6,4.6,35,17.5,73,,S,15,1020.1,17.7,72,4,S,17,1019.1
23/6/21,14.9,18.4,0.8,4.8,44,17.2,63,7,SSE,24,1026.4,17.3,76,4,SE,28,1024.1
24/6/21,14.3,18.9,0.2,2,31,17.7,64,,E,19,1027.8,17.5,75,8,SE,13,1026.4
25/6/21,14.1,20.9,0,3.4,39,18.5,78,6,ENE,24,1027.6,19.7,76,1,NE,19,1025.6
26/6/21,17.4,20.7,0,2.8,39,19.5,76,1,NNE,20,1026.9,19.9,87,8,NNE,19,1023.6
27/6/21,18.1,21.5,0,3,35,18.1,99,8,WNW,17,1025.1,20.7,81,7,WNW,6,1021.8
28/6/21,15.8,17.2,0.8,2.2,41,16.8,100,7,SE,20,1022.9,14.8,100,8,S,22,1021
29/6/21,13.2,18.3,16.8,3.2,50,16.6,84,5,SSE,24,1022.3,17.4,77,5,SSE,26,1021.6
30/6/21,13.5,16.9,1.2,2.8,56,14.9,66,8,SE,28,1028.3,15.2,63,7,ESE,26,1026.9
1/7/21,13.5,18,0,5.4,56,15.8,71,6,ESE,26,1029.3,17.2,63,3,E,28,1027.2
2/7/21,13.8,18.3,1.2,4.2,63,17,75,8,E,28,1028,16.5,84,8,E,24,1025.8
3/7/21,14.2,18.9,8.2,3.6,65,17.7,70,2,E,31,1029.1,17.1,70,8,E,35,1027
4/7/21,14.9,19.5,1,6.6,59,16.7,59,4,ENE,33,1030,17.8,62,2,ENE,33,1027.6
5/7/21,16.4,19.1,0.4,5.4,72,18.2,73,8,NE,39,1024.1,18.2,68,8,NE,37,1020.6
6/7/21,18,18.7,1,3.8,65,18.6,92,8,NNE,31,1015.2,17,100,8,WSW,31,1011.5
7/7/21,16.1,18.5,34,3,37,17.5,72,4,SSW,19,1016.3,17.2,69,4,S,17,1015.1
8/7/21,13.6,18.2,0.8,3.6,35,16.5,75,2,SSW,15,1019.5,17.2,63,1,SSW,20,1019
9/7/21,12.1,17.5,0,3.2,24,16.3,62,1,S,13,1022.1,16.5,58,,S,11,1019.8
10/7/21,11.2,19,0,3,57,17.4,74,7,NNE,20,1016.3,17.7,91,8,N,22,1009.1
11/7/21,15.1,20,11.4,1.4,69,18.8,76,6,NW,17,1007.5,18.2,88,8,NW,24,1001.8
12/7/21,15.1,18.1,4.6,3.4,59,16.5,71,8,SW,33,1012.9,16.8,65,5,SW,30,1012.7
13/7/21,13.5,17.5,0,4,35,15.7,63,,SSW,20,1018.9,16.5,59,,SSW,19,1018.1
14/7/21,12.2,17.5,0,3.6,24,16.4,59,1,ESE,11,1024.2,16.6,56,,SSE,11,1022.5
15/7/21,11.2,18.7,0,3.2,48,16.1,61,8,NE,26,1023.8,17.6,64,8,NE,22,1021.4
16/7/21,16.1,20.2,0,3.6,,18.5,83,4,NNE,30,1017,19.3,87,8,N,24,1013.1
17/7/21,17.1,20.1,3.4,1.2,65,20,92,7,NW,28,1008.4,18.5,83,4,WNW,26,1007.4
18/7/21,15.2,20.6,7.2,3.2,67,18.9,73,1,WNW,33,1007.9,19,65,7,W,41,1006.2
19/7/21,15.9,19.8,0,4,56,18.3,72,2,W,24,1014.5,18.7,68,2,WSW,28,1013.1
20/7/21,12.2,19.5,0,3,41,17.4,66,,NNE,13,1016.2,18.2,66,1,NNE,20,1011.8
21/7/21,14.3,19.7,7.4,3.4,63,18.8,75,5,NW,22,1009.1,17.8,78,8,NW,20,1006.4
22/7/21,15.4,19.6,3.4,3,41,18.3,66,6,W,28,1011.7,18.2,68,1,WSW,20,1010.9
23/7/21,13,18.8,0,3,22,17,76,,ESE,9,1018.7,17.6,74,4,ESE,13,1017.4
24/7/21,13.3,20.1,0,2,48,17.9,77,1,ENE,28,1018.9,19.1,74,7,NE,30,1015.6
25/7/21,16.1,19.2,27.6,4.4,54,18.5,98,8,NNW,17,1012.1,18.1,96,8,NNW,20,1007.9
26/7/21,15.4,18.8,2.8,2.8,67,18,71,8,W,31,1013.5,17.8,68,3,WSW,37,1013.6
27/7/21,15.3,18.8,0,4.6,35,17.4,65,8,SW,17,1022.3,17.2,72,6,WSW,15,1021.5
28/7/21,14.3,19.4,0.6,2.6,22,17.4,76,8,WSW,11,1023.4,18.1,71,8,SW,6,1021.3
29/7/21,12.9,19.5,0,1.2,46,17.7,72,,NNE,13,1020.1,18.1,78,8,NNE,15,1016.7
30/7/21,14.4,18.5,10.8,2.6,63,14.8,97,8,NNW,9,1010,16.6,69,5,WSW,37,1006.4
31/7/21,13.1,17.4,2.4,3.6,89,16.1,72,8,SW,43,1011.8,14.3,79,8,SSW,44,1009.7
1/8/21,13.6,17.2,,,65,16,82,8,SSW,35,1014.1,16.4,76,8,SSW,31,1013.1
2/8/21,12.9,18.7,1,8.4,41,16.4,74,5,WSW,19,1017.5,18.2,71,3,W,26,1014.6
3/8/21,14.7,17.9,4.4,3.8,39,16.1,61,,S,24,1019.6,17.1,63,1,S,17,1018.1
4/8/21,12.4,19.1,0,4,44,16.7,66,7,N,15,1018.5,18.2,72,1,N,15,1014.4
5/8/21,14.6,18.9,4.2,2.8,63,15.5,95,8,W,19,1009.6,17.4,65,1,W,33,1006.6
6/8/21,14.6,18.7,1.6,5,78,17.2,64,4,WSW,41,1011.7,17.8,64,8,WSW,37,1012.1
7/8/21,,18.7,,,,17.2,70,6,SW,20,1021.5,17.9,68,,SW,22,1019.6
8/8/21,13.8,18.8,1,8,72,17.6,72,,W,19,1020.4,18.1,72,1,WSW,30,1016.6
9/8/21,11.8,16.4,1.4,5,72,14.5,64,8,SSW,35,1021.9,14.2,69,8,SSW,31,1022.8
10/8/21,12.8,16.8,0.4,5.8,43,15.7,66,4,SSE,20,1029.2,15.1,68,4,SE,17,1028.8
11/8/21,11.8,17.1,1.2,3.6,31,15.6,70,6,ESE,17,1033.9,16.1,61,,ESE,19,1032
12/8/21,11.4,18.1,0.2,3.2,24,16.2,56,5,ESE,13,1032.1,16.8,58,8,ESE,11,1028.8
13/8/21,11.1,19.3,0,2.6,35,17.2,59,,NNW,11,1026.8,18.6,61,,W,24,1023.2
14/8/21,14.2,18,4,3.6,37,16.5,73,8,SSE,20,1024.8,16.8,67,6,SSE,19,1023.8
15/8/21,14.2,18.3,0,5.2,33,16.6,56,1,SE,9,1028.8,16.8,65,4,SE,13,1026.3
16/8/21,12.3,19.1,0,4,30,17,63,7,NE,9,1026.8,18.6,52,,NE,17,1022.3
17/8/21,15.2,17.6,3.4,2.6,43,15.4,95,8,NW,20,1019.8,15.4,99,8,SW,13,1015.8
18/8/21,14.6,18.7,18,1.8,37,17.4,71,1,SSW,13,1018.9,18.1,70,7,SSW,20,1017.1
19/8/21,13.4,16.8,1,4.2,31,15.6,62,7,SE,17,1024.4,15.5,60,8,SE,20,1023.3
20/8/21,13.8,17.6,0,3.6,33,14.8,71,8,ESE,19,1027.1,15.5,72,8,ESE,20,1024.1
21/8/21,11.7,17.9,0.8,3.6,39,16.1,71,8,E,22,1025.5,16.8,73,8,E,24,1022.7
22/8/21,11.8,18.1,0,3.2,30,17.6,68,1,ESE,13,1025.5,16.6,61,1,E,17,1023.2
23/8/21,13.1,19.4,0,2.4,44,17.7,74,8,E,22,1025.6,15.6,86,8,ENE,31,1023.4
24/8/21,14.6,18.6,1.4,4.6,54,17,80,8,ENE,31,1024.9,17.4,66,4,ENE,31,1022.6
25/8/21,15,19.6,0.2,4.2,56,17.2,82,8,NE,37,1023.4,18.6,78,8,NE,37,1021.2
26/8/21,17,20.9,0,3.2,48,19.1,88,8,NNE,28,1022.4,19.3,87,7,NNE,24,1020.1
27/8/21,18.4,20.6,0,3,57,19.1,89,8,N,20,1020.5,18.5,95,8,NNE,17,1017.1
28/8/21,16.5,20.4,7.4,2.6,41,18.7,76,,W,17,1017.4,19.6,76,1,W,17,1014.6
29/8/21,16.2,20.6,0.6,4.4,54,18.5,67,5,W,31,1015.3,19.2,71,3,W,31,1013.6
30/8/21,15.5,20.1,1.4,5.2,39,15.7,86,8,W,28,1020.5,19.3,61,,WSW,22,1018.8
31/8/21,15.3,20.2,0,4,35,19.2,82,1,NW,17,1022.2,18.4,73,8,WSW,17,1019.9
1/9/21,14,18.9,1.4,2.4,41,17.4,86,6,SSE,20,1023.1,17.5,74,1,SSE,26,1021.8
2/9/21,15,19,0.2,3.6,59,18.2,75,4,ESE,22,1024.3,17.1,82,8,SE,30,1022.2
3/9/21,14.5,18.6,1.6,4.2,63,15.4,84,8,ESE,28,1026,17.9,68,8,ESE,31,1023.3
4/9/21,14.5,19.1,10.6,7.8,78,17.7,87,8,E,31,1024,18.1,92,8,E,33,1021.8
5/9/21,16,20.1,2.2,4.2,56,18,83,8,E,31,1023.9,18.5,81,8,E,30,1021.4
6/9/21,15.6,20,0,3.4,39,18.9,82,7,NE,20,1020.2,18.9,89,1,NE,17,1016.9
7/9/21,14.5,19.5,6.2,5,52,16.9,89,8,SW,15,1014.9,18.6,70,5,WSW,30,1012.8
8/9/21,14.5,18.8,0.4,4.2,59,17.3,71,4,WSW,30,1020.1,18,65,8,SSW,30,1020.2
9/9/21,14.6,19,0.4,5.8,33,17.4,57,,S,19,1028.6,17.6,62,6,S,17,1026.9
10/9/21,14.1,19.5,0,5.2,41,17.2,61,8,WNW,15,1026,18,67,8,WNW,20,1021.6
11/9/21,15.5,18.8,1.8,4.8,46,15.6,99,8,SW,17,1020.2,18,75,8,SE,15,1019
12/9/21,12.1,18.7,0.6,3.8,26,17.1,69,2,E,15,1022.1,17.1,70,8,NE,11,1019.7
13/9/21,13,20.8,0.2,3.2,33,18.2,74,,WNW,15,1020.8,18.8,76,7,NW,17,1018.4
14/9/21,17.4,22.2,0,3,33,19.8,81,8,NNW,11,1018.6,20.2,78,8,NNW,13,1015.1
15/9/21,17.5,20.5,0.4,4.4,69,20.4,95,7,N,22,1009.6,18.7,100,8,N,20,1004.6
16/9/21,16.1,20.2,14.8,4,74,18.1,83,8,W,41,1004.8,18.9,79,8,WSW,37,1005.8
17/9/21,14.8,18.6,0.6,3.4,46,17.2,77,8,SW,26,1015.3,13.8,100,8,S,26,1015.8
18/9/21,13.5,18.2,13,4.8,35,16.9,67,4,SSE,20,1025.2,16.8,59,,SE,19,1023.2
19/9/21,12.6,19.3,0,5.6,22,17.2,64,8,NNE,2,1025.6,17.8,67,8,WSW,13,1023.6
20/9/21,13,20.2,0,2.4,26,18.6,60,,W,13,1023.9,19.4,59,,WNW,13,1020.8
21/9/21,14.1,21,0,5.4,48,19.2,66,4,NNE,17,1018.5,19.9,77,8,NNE,20,1013.9
22/9/21,17.4,22,2.4,3.2,61,21,86,1,NNW,20,1008,17.4,94,8,NW,28,1006.3
23/9/21,14,18.5,8.6,4.2,56,15.1,89,8,SW,30,1012.9,15.6,85,6,S,35,1014.1
24/9/21,14.4,20.4,0.4,4.4,39,18.4,75,6,SSW,20,1021.3,19.6,76,8,SW,17,1019.5
25/9/21,13.4,21,0,5.2,28,18.8,72,8,SW,9,1019.9,20.4,61,6,W,15,1017.3
26/9/21,16.1,21.6,0,4,41,19.8,64,7,WNW,19,1017.5,20.2,71,8,W,19,1015.2
27/9/21,15.7,18.6,5.6,5,43,16.4,83,8,SW,19,1016.5,16.1,76,8,S,17,1015
28/9/21,13.1,17.7,0.4,4.8,41,16.6,60,8,S,22,1022.5,15.4,64,8,SSE,20,1021.5
29/9/21,12.6,18,0,6.4,35,15.1,67,8,SE,17,1027.3,16.9,54,5,SE,19,1025.7
30/9/21,12.6,18.6,0,5.8,39,16.4,58,8,ENE,13,1028.3,17.2,61,1,ESE,24,1024.2
1/10/21,14.9,19.4,0,4.8,52,18.6,65,1,E,31,1024.7,17.2,72,8,E,28,1021.6
2/10/21,16,20.8,1.8,5.8,67,18.8,83,8,ENE,31,1019.7,19.6,78,8,NE,37,1014.3
3/10/21,16.5,19.4,31.4,8,43,18.5,97,,NNE,28,1012.2,17.5,96,,NNE,20,1009.8
4/10/21,16.5,21.3,13,1,30,19.8,94,,WNW,15,1012.5,20.6,91,,WNW,17,1010.4
5/10/21,16.8,21.8,0.2,3.4,37,19.9,84,,NNE,17,1014.5,20.7,84,,N,19,1012.3
6/10/21,17.4,21.3,0,4,50,19.3,88,,NNE,13,1012.2,21.1,85,,W,19,1010
7/10/21,16.5,21,4,0.8,39,19.5,73,,SSW,20,1014.8,19.8,73,,SW,22,1014.3
8/10/21,14.8,20.3,0,6,20,18.6,68,,SSW,11,1020,19.5,69,,WSW,13,1019
9/10/21,13.6,20.4,0,3.2,26,18.5,72,,SE,11,1022.2,19.4,69,,SW,15,1019.3
10/10/21,14,20.8,0,4.8,26,19,72,,WSW,11,1020.7,20.3,70,,WSW,13,1017.8
11/10/21,14.5,21.6,0,4.8,31,19.6,77,,WNW,17,1018.1,20.3,78,,NW,17,1014.8
12/10/21,16.8,22.2,0,4,37,20.8,79,,WNW,20,1013.7,20.1,83,,WNW,20,1010.7
13/10/21,15,18.8,7,5.2,41,17,87,,SE,24,1011.6,18,70,,SSE,26,1010.8
14/10/21,14.5,18.8,0,6,33,16.8,66,,S,17,1016.5,17.5,61,,SSE,19,1015.3
15/10/21,14.2,19.9,0,4.6,37,18.2,68,,ESE,19,1019.2,17.7,68,,ENE,24,1016.5
16/10/21,15,21.3,0.2,7,56,18.9,70,,NE,31,1017.4,19.8,72,,NNE,20,1014.6
17/10/21,17.9,23.4,0,5.6,43,21.3,87,,N,15,1016.6,21.9,88,,N,13,1014.7
18/10/21,17.3,21.1,38.4,5.6,35,19,96,,SE,17,1020.6,19.6,84,,SE,20,1019.6
19/10/21,16.2,21.9,0,6,41,19.6,84,,E,26,1022.5,19.5,89,,E,30,1019.7
20/10/21,18.4,22.5,0.2,3,46,20.1,100,,NE,26,1018.3,21.7,95,,NE,30,1015.8
21/10/21,19.8,21.2,3.4,0.4,30,20.7,100,,NNE,9,1017.2,20.7,100,,NNE,13,1014.4
22/10/21,19.1,22.2,82.6,,44,19.4,100,,WSW,30,1010.3,21.2,98,,WNW,20,1011.4
23/10/21,17.2,21.6,0.8,3.2,31,20.2,92,,SW,17,1018.4,20.2,90,,SSW,20,1017.7
24/10/21,16.3,21.3,0,4,28,20.3,92,,SSW,17,1019.1,19.6,90,,ESE,13,1016.1
25/10/21,15.5,23,0,5.6,31,19.6,76,,NW,11,1018.7,21.1,44,,N,11,1017.3
26/10/21,16.9,22.3,0,3.2,30,21.7,,,NNE,11,1021.8,20.8,,,N,15,1019.8
27/10/21,16.7,21.8,0,6,35,20,,,NE,17,1021.3,19.9,,,NE,11,1019.1
28/10/21,15.7,22,1,4,37,20.4,,,SW,22,1017.6,20.8,,,S,20,1015.8
29/10/21,15.2,21.1,0,4.4,30,19.7,,,SW,13,1019.7,20,,,S,13,1018.5
30/10/21,15.2,22,0,4,30,20.6,,,NW,15,1019.7,20.3,,,NW,13,1017.7
31/10/21,17.1,21.5,0,3.8,43,20.3,,,WNW,15,1017.5,18.7,,,NNW,7,1014.1
1/11/21,14.6,19.6,12,2.8,56,18.4,,,S,28,1019.5,17.1,,,S,30,1018.5
2/11/21,14.2,20,1.4,5.4,54,16.7,,,SSE,22,1020.8,18.1,,,SSE,28,1019.1
3/11/21,14.8,19.9,1.8,7.4,46,17.2,,,S,22,1021,18.4,63,,S,24,1018.2
4/11/21,14.6,19.9,1,4.6,35,17.5,70,,SSE,19,1019.2,19.4,57,,WSW,15,1017.1
5/11/21,13.7,20.7,0,5.4,30,19.5,66,,S,13,1018.2,19.4,70,,SE,19,1016.6
6/11/21,15.7,20.6,0,5.8,30,18.5,70,,SE,17,1017.2,19.8,70,,SSE,19,1014.8
7/11/21,14.3,21.2,0,7,28,19.3,75,,SSE,13,1016,20.1,72,,SE,15,1014.9
8/11/21,15.4,22,0,4.8,26,21.1,63,,SE,13,1017.5,20,73,,ENE,19,1016.8
9/11/21,15.5,21.6,0,4.4,30,19.7,75,,NE,17,1017.3,20.5,79,,NNE,17,1015.8
10/11/21,17.1,21.8,0,4.4,31,20.1,79,,NE,19,1016.3,20,86,,NNE,15,1014.9
11/11/21,18.6,23.1,2.2,2.4,33,21.9,89,,NE,17,1016.9,22.1,83,,NNE,17,1014.4
12/11/21,19.8,23.9,0,3.8,37,22,84,,N,17,1014.1,22.1,91,,N,17,1011.4
13/11/21,21,24.6,0,4.6,48,22.6,92,,NNW,20,1011.3,23.1,88,,NW,24,1009.7
14/11/21,20.8,23.3,1.4,4.6,44,21.3,97,,WNW,19,1011.4,22.8,73,,W,19,1011
15/11/21,16,24.5,0.2,4.2,26,22.7,49,,W,13,1014.9,23.4,61,,W,15,1012.9
16/11/21,16.9,24.4,0,6.4,20,21.9,65,,SSW,11,1017.4,23.1,57,,S,9,1016.1
17/11/21,16.9,21.7,0,6.4,35,21.2,75,,SSE,13,1018.2,19.1,69,,ENE,15,1016.9
18/11/21,14.9,22.6,1.4,2.8,41,20.2,80,,SE,19,1019.5,21.1,77,,SE,22,1017.6
19/11/21,18.1,22.3,1.2,5.8,48,20.7,78,,ESE,30,1018.1,20,77,,E,28,1016.5
20/11/21,18.8,22.8,0,3.4,39,20.8,85,,ESE,20,1016,21.7,80,,ESE,20,1014.3
21/11/21,18.9,22.4,1,5.8,43,21.4,90,,E,20,1015,20.9,93,,ESE,19,1012.6
22/11/21,19.9,22,9.6,3.2,46,20.1,97,,S,24,1011.7,20.3,98,,S,26,1010.6
23/11/21,19.3,22.5,2.6,0.6,39,20.3,97,,SE,19,1016.7,21.4,80,,SE,24,1016.3
24/11/21,18.3,22.1,0.4,4,41,20.7,68,,SE,28,1018.8,20.9,67,,SE,20,1017.8
25/11/21,18.2,23.3,0,8,46,21,74,,E,26,1019.2,21.5,76,,E,26,1017.7
26/11/21,16.9,23.1,0,6.8,44,21.6,69,,E,28,1019.4,21.7,71,,ENE,31,1017.5
27/11/21,19.2,23.8,0,6.2,50,22.3,76,,ENE,33,1019.8,21.3,80,,ENE,28,1018.5
28/11/21,19.5,23.6,0,,39,21.9,84,,ENE,20,1020.4,22.3,86,,E,20,1018.8
29/11/21,20.2,24.3,0,11.6,37,22.5,83,,E,28,1019.8,23.2,71,,ENE,24,1018.2
30/11/21,18.9,24.8,0,6.6,41,23.4,74,,E,26,1018.8,24.1,70,,ENE,22,1017
1/12/21,18,24.9,0,7.6,37,22.2,77,,E,22,1018.3,23.3,81,,ENE,28,1016.8
2/12/21,20.2,24.2,0.4,6,41,22.3,81,,ENE,24,1018.4,22.7,77,,ENE,30,1016
3/12/21,20.5,23.6,0.6,6.8,43,22,83,,NE,26,1016.1,22.5,87,,NE,28,1013.6
4/12/21,21.1,24.4,0,,46,22.6,89,,NE,30,1012.8,22.6,88,,NE,28,1011.5
5/12/21,21.1,24.9,0,10.8,37,23,86,,ENE,24,1014.4,23.7,87,,NE,26,1013.6
6/12/21,21.3,24.3,0,5,39,23,88,,ENE,20,1016.1,23.6,88,,ENE,22,1014.5
7/12/21,20.7,24.5,1.6,3.2,46,22.9,93,,ENE,26,1015.3,23.4,86,,E,20,1013.9
8/12/21,21.4,25.5,2,3.2,46,23.1,91,,E,30,1015.7,23.4,86,,ENE,28,1014.8
9/12/21,21.4,25.1,0,4.8,41,24,85,,ENE,24,1015.4,23.7,81,,NE,26,1013.2
10/12/21,21.3,24.9,0,7,41,23.7,86,,ENE,22,1014.3,24.1,88,,NE,22,1012.7
11/12/21,21.9,25.2,0,6.6,43,23.4,88,,NNE,22,1014,23.2,88,,NNE,24,1011.6
12/12/21,22,26.7,,,39,24.6,84,,NE,19,1014.2,24.1,91,,NE,17,1012.6
13/12/21,22.5,23.9,3.2,13.6,56,22.8,94,,NNE,24,1010.5,23,92,,NE,26,1006.4
14/12/21,19.3,24.5,21.4,1.4,46,22.1,91,,SSW,28,1001.9,23.1,73,,SSW,26,1001.1
15/12/21,20.1,24.8,0,6.4,43,23.8,69,,SW,24,1003.5,23.4,66,,SSW,30,1002.3
16/12/21,20.3,24.7,0.2,8.2,35,23.5,72,,SW,24,1007.7,24.1,61,,SW,22,1007.8
17/12/21,19.5,24.6,0,7,31,22.4,60,,SSW,15,1012.4,23.4,61,,S,17,1012.2
18/12/21,18.7,24,,,37,22.3,61,,SE,24,1018.1,22.4,61,,SE,19,1017.4
19/12/21,18.6,25.2,0.8,17.4,48,22.5,66,,ESE,24,1020.6,23.4,60,,E,31,1019.2
20/12/21,20.7,24,0,8,50,22.3,89,,E,24,1017.9,22.1,97,,E,20,1015.7
21/12/21,21.7,25.1,4,3,37,22.3,95,,ESE,20,1014,24.2,82,,SE,24,1013
22/12/21,19.8,24.9,0.2,5.4,41,22.4,59,,SSE,22,1013.4,23.4,71,,SSE,26,1011.4
23/12/21,19.6,25.5,0,8.6,31,22.7,72,,SSE,17,1013.7,24,70,,E,19,1013.3
24/12/21,18.6,24.9,0,8,39,23.6,67,,E,26,1015.1,24,69,,E,24,1014.4
25/12/21,20.3,25.8,0,,43,24,70,,E,30,1016.6,23.5,73,,E,26,1015.4
26/12/21,19.8,26.2,0,,37,23.4,79,,E,22,1015.4,24,73,,E,17,1013.2
27/12/21,20.2,25.5,0,20.8,20,23.4,85,,E,13,1010.4,23.3,85,,SE,11,1008.3
28/12/21,21.1,23.4,1.2,2.6,43,22.3,96,,NE,22,1005.7,22.2,96,,NW,13,1003.5
29/12/21,20.4,23.6,9.4,1.8,41,21.5,92,,SE,20,1007.8,21.3,86,,SE,20,1007.5
30/12/21,19.6,24.2,6.4,4.4,37,22.1,65,,SE,22,1012.2,22,61,,SE,22,1012
31/12/21,19.2,24.6,0,7.4,48,22.9,64,,ESE,26,1016.3,23.2,60,,ESE,28,1015.4